Channel,RMS,Sigma,Mean,Rate,PED_Mean,PED_Sigma,P1,P0,P1_err,P0_err,Time,Gain,Gain_err,Rate_err
0,36.56768135626344,20.148583223462737,131.70570196843988,415.105,70.8,2.3,132.1,-8.8,2.7,2.5,1866.666901525,3.297960918264567,0.13616744738767883,0.8317702006363696
1,62.47841512787616,24.418204674515128,126.69504037603953,115.78,74.0,2.2,142.2,-14.5,4.6,3.9,1262.68491655,2.953368511605113,0.19632456880614782,0.4392797134704341
2,54.29186654253633,16.407241705566033,121.8014938886374,137.465,68.8,2.0,125.7,1.8,2.8,2.3,725.8047982,2.545818112999075,0.12771153195329818,0.47865262282090687
3,55.70327134374365,18.67068247182786,134.46850144434333,175.65333333333334,73.5,2.2,130.8,-1.2,2.5,2.3,631.8608699499999,2.9705897096876592,0.12376203415481853,0.5410689009318088
4,51.80536396042024,12.46612907396083,114.2159868466393,695.4133333333333,72.5,2.3,123.9,1.6,2.1,2.3,626.8324259,2.0236070846771232,0.12099235986918647,1.0765789437947513
5,30.030375760881082,13.25816399480728,116.42527664300162,678.4383333333334,65.0,2.1,126.0,3.9,2.9,2.0,635.2209864749999,2.3574045953869853,0.11308372406275116,1.0633581501806226
6,61.23653513073171,21.554291593598844,135.44272585399688,102.19,70.9,2.0,126.9,-2.1,3.4,2.8,643.5926753749999,3.2822461512015786,0.1636712540252793,0.41269439863737756
7,70.90199228556197,14.742740012586344,113.59768938286048,119.435,69.8,2.0,129.0,-4.9,2.4,3.0,1034.51089405,2.359384175526186,0.15187968827874251,0.4461595379831449
8,44.624379122878594,16.87731581932594,123.02744453877672,185.56333333333333,69.3,2.2,137.5,-3.4,2.1,1.4,646.950911175,2.5967020244898507,0.07505356064639476,0.5561224885061044
9,62.25223134944405,20.104197332425628,126.33116275963401,105.24,68.3,2.0,130.6,-3.5,3.1,2.6,628.496904125,2.944638340334706,0.1428173239462771,0.4188078318274385
10,51.12001789623872,17.217735537221326,126.02778127227744,164.675,70.6,2.4,126.5,-3.3,1.3,1.4,623.46729825,2.901570220962324,0.0754212737849719,0.5238877106149116
11,61.749900570840126,22.73063468363976,133.69473684210527,122.66833333333334,70.7,2.2,122.8,-0.1,1.8,1.4,613.399859225,3.211254928853078,0.08561280968876851,0.4521584039053374
12,45.17959458447155,18.987631785167547,126.19559066427288,238.205,69.5,2.1,130.2,-5.0,2.2,1.4,625.1410923,2.9615778928702423,0.08385884842745163,0.6300859729698268
13,63.20435438059862,24.555468743927747,130.31199290925207,103.48166666666667,69.5,2.1,126.0,-1.8,1.9,1.2,631.85378695,3.1057536165303605,0.076057387791728,0.41529440695059266
14,41.30135430194818,16.193749146746686,124.46072020452472,264.7366666666667,72.4,2.0,134.5,-9.8,4.0,3.3,630.1848787499999,2.874568782738137,0.17558599903946354,0.6642497856813939
15,33.43563599216946,20.860029536118187,138.42554519564624,866.7716666666666,72.2,2.1,132.2,-4.6,3.3,3.0,1046.263593375,3.34840890675332,0.16463860793677576,1.201923227350418
16,58.686919570359905,15.747255396562371,129.3344562078922,137.57333333333332,71.4,2.2,121.2,12.9,6.3,7.6,912.0400123,2.322321380357477,0.41010352059098554,0.478841193809481
17,56.12969441862869,17.421663900496963,136.05991831543935,142.86,73.1,2.0,122.7,0.4,4.1,5.1,633.541716175,3.1866299060431618,0.2807886836023264,0.48795491595023405
18,35.875879679470685,12.745051939203478,125.27104661492085,464.41333333333336,74.2,2.0,123.2,2.1,1.9,2.0,613.412445775,2.484326634279669,0.1084678392463566,0.8797853273510658
19,43.443764891254666,15.8045540525894,130.56811248982171,280.72833333333335,72.6,2.0,125.8,0.8,0.9,0.9,625.149286675,2.8402281642399507,0.049189009742194645,0.6840179497319903
20,49.53534749899169,19.701574313984526,139.6523523093448,161.775,74.1,2.1,127.4,-1.8,2.9,2.3,611.72268635,3.3041774092104,0.13567537111709854,0.5192542729723079
21,52.04426026163014,17.689427122797866,139.22619531355818,153.995,80.8,2.2,128.6,-7.3,2.1,2.3,628.50477665,3.1943135358455566,0.12341785111569274,0.5066145806560776
22,62.74457782853754,19.164268460334206,140.34980460903546,97.39166666666667,73.0,2.0,116.1,7.5,4.5,4.1,646.9328101,3.2218887063434254,0.25366671390610096,0.40288887356744474
23,57.95897521376886,18.221452503973918,132.3648939027666,206.35166666666666,67.1,2.0,120.6,5.5,5.6,4.0,979.150784525,3.097268548028949,0.2523305333631807,0.586446454882664
24,39.19120134362081,16.192728554269245,132.01393349284135,265.98,75.5,1.9,124.3,3.8,2.8,3.6,618.442521375,2.6505396969449593,0.19062831346454565,0.6658077800686922
25,34.18584222242854,15.937121845715822,133.09138011917014,482.12,68.1,2.0,128.5,1.4,1.5,2.1,618.442442025,3.0929659591036063,0.1083526933405546,0.8964002082403446
26,57.30507440130869,12.633467467932233,120.22079596412556,123.85333333333334,76.6,2.1,123.9,-2.2,2.2,2.2,623.4644236,2.311379941693178,0.118368834636525,0.4543371239753826
27,33.71030430589667,17.350578048421237,137.75339670667876,496.2416666666667,74.6,2.2,132.0,-3.8,6.0,5.1,623.478375025,3.1701418895207745,0.28121143139838484,0.9094335844053948
28,42.7884809237231,17.106474304109753,141.90731689914736,287.885,78.2,2.1,127.8,0.5,3.5,4.2,618.441316125,3.0911246527360796,0.222178813520167,0.6926819857144643
29,53.76930361884903,18.378747981474607,138.03728031244452,137.48166666666665,70.7,2.2,129.4,-1.3,2.5,1.8,621.8026630749999,3.3151700305469722,0.1080742170724987,0.47868163857736507
30,67.33521629630063,18.832822385044448,139.94692331409945,81.35166666666667,75.4,2.1,128.4,-1.2,1.5,1.1,640.237333325,3.200298058513407,0.06557125387071423,0.3682201937850654
31,75.43812679753057,15.124712310694362,126.86698138901498,194.855,68.8,2.2,123.0,3.8,7.0,6.5,990.8911936,2.757468566514989,0.3656840771335924,0.5698757174448946
32,44.50275737258609,18.538672788062108,128.8436481593241,226.43666666666667,62.3,3.0,122.8,-1.7,1.7,1.5,1039.545914825,3.4733127116919835,0.09029688406319648,0.6143243804737399
33,32.23143722866744,14.909108067078128,119.26118709551211,413.7783333333333,62.0,2.7,113.9,7.0,2.9,3.8,625.155498925,2.757966807260322,0.22003484119016584,0.8304399770938027
34,31.588049865611158,13.951577177255553,119.79034230599508,534.46,63.8,2.6,119.4,1.0,6.8,10.4,626.8332388,2.8784726918967274,0.5685387906730539,0.943804358257932
35,36.52408458016885,16.91533830172815,122.83930237098419,312.49333333333334,60.8,2.3,121.1,1.1,3.9,3.7,621.801189175,3.145091988593321,0.21617616263402026,0.7216801384423865
36,40.12164420941074,15.865255241921632,123.10091825509082,302.54333333333335,68.6,3.0,120.8,-1.8,2.7,4.1,615.0779885499999,2.912920025615212,0.22191078103138565,0.7100978023405571
37,36.14283318093721,14.866801329700753,120.27075143605174,432.83666666666664,65.7,2.5,117.3,2.4,2.3,4.1,633.543280425,2.779771495953311,0.22516463470983805,0.849349424232715
38,31.1060016597634,14.421986554473673,122.45034530957624,448.525,66.8,2.5,124.0,-2.9,3.3,5.0,631.857661675,2.951126275684286,0.2639778174816985,0.8646049194092448
39,44.24823927462804,16.78271174985278,129.29062253542625,267.8983333333333,71.0,2.3,119.2,1.4,1.8,2.1,1078.1333721,2.982939520523608,0.11900707818933016,0.6682044763560194
40,48.82983300683119,17.020958516573966,123.63019852981046,442.3233333333333,61.7,2.4,117.3,4.3,1.2,1.5,658.70977235,3.070662752014624,0.08591130168844656,0.85860675256811
41,55.26946287059929,18.919706895718747,127.89836201957414,439.9583333333333,63.9,2.6,120.7,-0.6,1.8,1.4,628.5101452,3.344985605818876,0.08804004168382984,0.8563082907977061
42,30.586302969886386,16.632490902913815,129.5144903641826,551.55,67.5,2.4,122.1,-1.5,1.7,2.3,625.156814275,3.2511512266678233,0.1261509383555692,0.9587752604234215
43,31.40359585001612,14.931233107924113,119.01533454404473,659.7716666666666,61.7,2.4,118.9,2.9,2.3,2.8,623.472914475,2.860351899918247,0.15724911111426199,1.0486274097335262
44,39.66319043046341,15.001485316437657,119.49420563097034,270.37833333333333,65.2,2.6,117.3,1.7,2.8,3.0,616.7618976,2.8023340596211814,0.17330168578325802,0.6712902170861389
45,33.44655700139883,15.37563925065973,114.41492148753522,409.5466666666667,57.4,2.4,126.3,-4.1,5.5,7.4,636.9023034749999,3.024293422779851,0.3891602580945993,0.8261826540044143
46,34.23669731293328,14.283078278254592,115.65077337131248,322.81666666666666,60.1,2.3,116.5,2.3,2.3,2.8,640.2433116249999,2.8568011465296395,0.16047275167207461,0.733503768073333
47,41.911355795014686,14.071663027741508,114.11894325316905,314.79333333333335,57.3,2.5,124.5,4.8,3.7,5.0,1115.05121545,2.611392733592824,0.26273801736428765,0.7243311090623925
48,55.55178450604079,20.92121402220943,136.64558755127067,164.66166666666666,60.5,2.0,122.7,7.6,4.2,6.8,962.3501600249999,3.491523408275808,0.3664441346826654,0.5238665012301427
49,50.97587159400932,14.877160494930457,123.34044351520274,154.775,72.3,2.3,131.5,0.9,0.9,1.2,625.150036575,2.3831009275286474,0.05941172549820503,0.5078959867269413
50,44.952740051879836,17.096325756147078,129.1252429523733,213.28166666666667,70.2,2.2,127.0,5.3,1.3,1.8,621.8006356,2.6390375468687646,0.09267015499789365,0.5962125832657714
51,37.21677894146789,13.546937740091451,126.92360887860148,473.995,76.3,2.4,137.6,-8.2,1.9,3.0,623.478586575,2.6718572346748495,0.14118007868736507,0.8888147538529425
52,44.06110343695408,16.092916839569764,122.45699414028196,213.5,61.6,2.1,131.2,-3.8,1.4,1.9,618.4399083,3.080077845859469,0.09634109111427054,0.5965176722724427
53,64.71997694827174,18.832591115328142,131.0672432513385,94.16166666666666,70.0,2.2,129.3,6.2,1.2,1.7,620.1086088,2.6521289274622246,0.08595275814762125,0.39615162641482504
54,29.273567124601154,14.170674794435593,120.85945815984175,615.0966666666667,58.9,2.2,127.6,2.6,1.0,1.1,636.8989479749999,2.9074969709953837,0.05852177386248074,1.0125024005458512
55,41.85138663183394,15.212589557996372,122.23784691636423,289.275,61.4,2.4,124.7,9.5,2.2,2.9,908.6802278,2.573067708318175,0.15229481646136414,0.6943522160978534
56,51.550808350366594,13.248295898014087,116.79452029175239,366.98333333333335,64.1,1.9,131.8,4.1,2.4,3.8,623.47602585,2.304368374988258,0.18502808220121425,0.7820734549189666
57,39.60915724554149,15.202394365415651,127.296924651263,315.1483333333333,68.5,2.1,127.7,1.8,1.5,1.9,621.80169615,2.7895910655473277,0.0986254020999438,0.7247394167714506
58,39.99229840613119,13.823532931964316,124.95906383575083,242.825,70.6,2.1,126.8,5.6,4.6,7.9,618.443349425,2.4033450234498632,0.3990423355804778,0.6361669068203196
59,61.926809437245225,16.301425214483054,121.52833117723156,94.40666666666667,61.7,2.2,130.7,1.2,1.1,1.6,611.7290377249999,2.8035736025837585,0.08020172936065575,0.39666666666666667
60,51.24102431084998,15.448091691889047,119.73766773406527,180.40333333333334,58.9,2.2,133.4,1.4,4.1,6.8,616.76867265,2.7847483008838676,0.32990165064221244,0.548335866255548
61,53.30876502652398,15.54309551561566,123.20768982068691,138.87833333333333,61.3,2.4,125.9,1.5,1.1,1.5,618.4322132,2.998793180137356,0.07902996593322179,0.4811069412187782
62,36.811507541933224,12.44559936573245,117.2628351224883,307.34166666666664,62.3,2.2,129.2,-0.1,1.1,1.5,621.8014427749999,2.6636433399036528,0.07604911737024411,0.7157067214377067
63,43.59668615220068,16.003363834251314,125.57598841683733,261.205,61.7,2.4,132.2,1.6,1.6,1.8,880.1670388,2.9442127655463946,0.09229740620619445,0.6598042639045815
64,41.31951335761693,18.820034279040776,141.5544613258177,317.0133333333333,73.6,1.9,114.1,14.0,13.8,10.0,970.7609832999999,2.9554371891880864,0.6540858318929627,0.726880702423414
65,33.47173262732589,18.10723868179959,154.14817181555097,469.085,82.0,1.9,130.8,0.2,4.7,3.8,633.541310325,3.4378904728378705,0.21962498206574432,0.8841992611020061
66,42.98357434655237,19.271611830875507,147.82256108383126,234.35333333333332,78.8,1.8,123.1,0.2,2.2,1.5,638.5670832,3.494240509942692,0.09855662519667671,0.6249711104434259
67,33.00916502538104,14.36529497361517,143.49864303468385,385.9866666666667,83.8,2.1,123.6,0.4,1.4,1.1,628.4981998750001,2.99851552562115,0.0652075655496277,0.8020667747208527
68,28.231534083581334,16.330552785533097,149.74500739357148,653.1133333333333,85.0,1.9,114.3,10.4,8.9,6.4,636.9023226,2.9716211391935414,0.41953900176041337,1.0433226836517178
69,36.79343616564529,16.331276939664296,143.92522469977717,455.4316666666667,78.0,2.1,124.5,4.4,5.3,3.4,653.677565,3.0886156977799786,0.21546547983314707,0.8712363501242231
70,35.49590373157435,15.7718207279112,140.08812014202093,353.76,79.5,2.0,103.0,19.8,25.4,15.5,645.2888522,2.4750072901711726,1.121217953407249,0.7678541528180987
71,34.020682630406085,16.101911627744965,150.86888640142863,526.0933333333334,86.3,2.1,120.8,8.9,8.8,6.5,1037.8755372,2.8802197020606704,0.3963901969153187,0.9363878588609648
72,39.975550338255914,14.705856656266565,135.29155739013433,298.76,74.3,2.0,105.3,20.7,16.6,11.9,641.930145125,2.3914742040678023,0.8006381716724105,0.7056439139773922
73,44.26273092555029,16.225734235094073,139.9723407478476,271.8016666666667,77.5,2.0,128.3,2.6,2.6,1.8,633.5444096,2.91661831390528,0.10578190110718644,0.673054810381575
74,44.35499093015164,18.294118477592825,145.72389845936016,204.82333333333332,77.2,2.0,127.2,-0.7,2.6,1.8,616.75857805,3.401331488765731,0.11255695048912098,0.5842706754768908
75,42.20017923853248,19.1970853139782,152.11834985855145,254.62833333333333,78.3,1.9,128.7,1.5,3.6,2.8,628.504884425,3.511963376969282,0.167783002441358,0.6514449750789053
76,36.80755175801004,17.076126039928464,145.78451034777044,319.85333333333335,81.5,1.9,120.4,2.7,2.5,1.8,638.5751985249999,3.1968703461259564,0.1146530186811572,0.7301293644888479
77,38.65851488132279,15.902573565366758,143.0324272346033,382.635,80.3,1.9,124.3,3.9,2.0,1.5,640.2509388999999,2.9581872101067623,0.08921687171471787,0.7985768591688592
78,42.938039443023264,17.73343352440294,143.53266898003974,231.94333333333333,79.3,2.1,127.1,1.6,4.4,2.2,640.245106775,3.0798912755723715,0.15192915776383625,0.6217493242635831
79,37.855030784110156,16.475464714641284,144.55987261146498,373.50333333333333,78.1,1.9,102.7,19.6,22.8,14.6,974.119892175,2.8517449252352107,1.090999604455852,0.7889902125854006
80,48.67855379440037,18.337933571409796,138.12773833580715,193.32833333333335,81.0,4.3,120.6,1.7,1.5,1.3,938.883146575,2.872498877270271,0.07636138976337567,0.5676388718973436
81,65.26066820111505,21.593460797408586,141.9683529033296,89.3,83.1,2.8,123.0,-0.8,1.8,1.3,620.0717788999999,3.0319285011854467,0.0798607461911187,0.3857892343408941
82,36.356886159550136,15.37478742457537,136.64016836695558,353.6483333333333,81.1,3.4,126.1,1.9,1.4,1.1,620.1201822999999,2.6586126272281714,0.06204177737064813,0.7677329541506531
83,38.25281576745073,14.998383628841484,126.54637673620142,261.06666666666666,83.2,2.7,126.7,-1.6,2.8,2.6,630.176965075,2.2171653875395334,0.13732210234777187,0.6596295256514153
84,36.26359403046745,15.794921873971543,136.2549396915918,387.275,79.7,3.0,122.5,0.2,1.8,1.8,620.1211838999999,2.875252025081214,0.10111643908752095,0.8034042154067486
85,43.33972984220556,17.07204599875208,132.20059828913307,397.6,75.2,2.6,125.0,0.6,3.8,3.6,638.577600375,2.8200299144566534,0.19938801922329205,0.8140434058861152
86,55.79852279391103,21.008098067317228,143.5291926667634,145.58666666666667,76.8,2.9,126.3,5.0,1.6,1.2,638.550465825,3.054690848513629,0.07105475250902794,0.4925895293694786
87,59.152566201538846,16.598992830458965,139.6511616032678,136.15833333333333,86.0,2.6,121.0,4.4,2.3,2.5,1068.072318275,2.5439649588464777,0.13795513657151906,0.476372286720749
88,52.39287382708442,17.33211438916974,142.00811344879693,149.57666666666665,84.7,2.6,120.2,1.2,2.9,2.1,626.8353953999999,2.917435183485697,0.12998350486290935,0.49929394593209764
89,55.522283316627075,14.776528377460414,126.35709285140146,133.81666666666666,78.8,2.9,127.8,0.3,2.1,1.9,616.7581671749999,2.3110863092430294,0.10044457276179924,0.4722581685664926
90,47.0335305843485,17.365744659704,139.11982808729502,195.63666666666666,77.8,2.7,129.9,-2.2,1.4,1.3,616.7587636999999,3.0561888032763194,0.0707754100905452,0.5710176101584881
91,43.17865336143892,17.268577985939448,142.90056384353343,233.54166666666666,83.0,2.6,133.8,-5.1,5.9,5.1,625.1512189749999,3.036274469522301,0.2732907787158658,0.6238878994748264
92,44.998440852168386,17.38535277671093,139.47205156106136,205.08833333333334,81.6,2.6,116.7,-0.2,3.0,3.2,615.0775578249999,3.1101141581545293,0.18914903800488114,0.5846485173921926
93,41.23767838484559,15.820973463156617,137.29130773348908,280.2416666666667,82.1,2.8,129.7,-2.2,4.5,3.1,621.79244045,2.7655795939422267,0.17756481579620806,0.6834247906276479
94,34.885675710865094,15.956723333719935,137.70279016951903,417.2366666666667,79.7,2.7,138.9,-4.2,7.2,6.0,643.608613175,2.7989016454967164,0.30649906101613555,0.8339031385265584
95,54.71582212534194,17.514651992086087,133.79685989322797,164.855,74.8,2.7,122.2,2.9,2.5,2.4,959.010318375,2.8691110829187796,0.13612191085364736,0.5241739533144826
96,49.620021144851606,14.160889192467561,135.10816121367208,225.83,87.7,2.2,120.5,0.5,3.1,2.0,1083.1684309,2.432995913572203,0.12118801020644533,0.6135008829116169
97,57.27726998251298,17.56207112428043,142.53592547400038,149.91166666666666,85.9,1.9,120.2,-1.2,4.7,3.0,610.0524976500001,3.007275659005843,0.19539387785703993,0.4998527560970108
98,50.08064576654122,18.293715817157285,140.43304528327428,153.805,80.8,2.0,122.0,-1.3,2.2,1.3,618.44549225,3.121569942790691,0.08731073379574611,0.5063019520668143
99,31.69610672484907,15.38667902451353,136.1927575444213,713.9383333333334,80.2,2.0,122.2,0.7,1.1,1.0,621.80240225,2.827984735291597,0.05715600695902088,1.090824102329162
100,59.212531187294,18.510763471149655,140.56833128795745,111.785,83.4,2.1,122.8,-1.0,2.0,1.2,620.1053354999999,2.9605217471476712,0.07798538303305526,0.431634490435291
101,58.27745212752634,19.85885237629276,141.23664710905436,128.235,77.7,2.0,123.6,5.2,2.6,1.7,616.7629604,2.9498709096406937,0.10614427642578644,0.46230401252855247
102,43.96416124158349,17.619709015330116,139.98453094627484,209.93166666666667,82.9,2.3,120.9,0.7,2.1,1.5,640.25620465,2.9148330720778968,0.09268018484516857,0.5915117167995162
103,55.593710594716065,12.025475801661687,122.11335077191363,134.62833333333333,83.3,2.1,120.4,4.8,2.7,1.7,891.8965668499999,1.7656432086749188,0.09677338313619008,0.47368824722126635
104,63.747539278223066,19.92044570416869,151.179977675994,94.06166666666667,87.2,1.9,116.6,-0.0,0.7,0.4,628.494132775,3.4294584946394724,0.030406114814624567,0.3959412133694148
105,62.739695584924625,16.928033781640906,131.0377111186009,94.46333333333334,77.6,2.1,123.3,-3.0,1.6,1.1,623.4556857,2.860792331640354,0.06718122907088664,0.39678569642678513
106,49.46225715822182,16.16192835028949,138.05779975595658,161.86833333333334,80.3,2.0,117.3,3.3,1.2,0.9,618.44329765,2.9016304217794433,0.05653425875871011,0.5194040388325408
107,63.978014220195206,22.287357722941834,141.8102655875056,88.335,81.6,2.1,123.4,-3.5,2.8,2.3,618.398011175,3.2268165309717176,0.13776717304863204,0.3836991008589934
108,50.80505691126104,19.395009963374644,146.52466670762425,170.46833333333333,77.1,2.1,118.6,4.6,2.7,2.0,621.7946594499999,3.4161396873748027,0.13106187674887199,0.5330233474144345
109,50.08230511533701,13.866749705448454,130.1816230916163,741.8566666666667,80.8,2.1,120.3,1.9,2.1,1.4,635.222625625,2.4668341173948622,0.08454006722363912,1.1119477405785658
110,57.82197919418828,18.134991402095196,141.63359012817017,103.33333333333333,79.8,2.0,118.3,3.0,1.2,1.0,623.456289025,3.108283502122262,0.061767472539406336,0.4149966532662911
111,48.93644915243266,13.521301156459101,127.24716014551935,230.82166666666666,80.4,2.0,117.4,1.0,2.0,1.4,947.2784635749999,2.4407559702682784,0.08538956837098821,0.6202441275641212
112,35.68982737569022,20.697076503039337,143.27778823116196,543.7766666666666,72.4,2.3,124.9,2.2,1.9,1.3,1128.47288805,3.4366387225361263,0.08349509936375472,0.9519949813126352
113,29.270126701333787,17.39461669133141,135.4102218865281,616.1366666666667,77.7,2.2,129.6,-2.6,2.7,2.9,635.2242427499999,2.908479064743832,0.1524281368134885,1.0133580040856462
114,36.918881027893086,16.66676661882717,130.63009256782064,317.74333333333334,71.7,2.4,119.8,0.5,0.6,0.5,640.2460427249999,3.0483145120941484,0.03035593542876255,0.7277171306367758
115,38.90388074720085,17.95223152114173,133.59751021049325,260.355,78.0,2.2,118.8,-0.4,5.6,5.7,640.251356325,2.9459969597271285,0.3304848088268248,0.6587298384011461
116,41.73349726134268,19.921540450781812,138.36979892367282,268.255,75.1,2.4,116.4,3.0,3.1,2.4,635.217946525,3.236136110592398,0.15507652153036394,0.6686491356957449
117,31.46594472657766,17.931808479977544,134.0207209894674,588.2916666666666,70.5,2.4,122.8,2.2,1.5,1.8,660.38974915,3.120965034073056,0.09925164091097954,0.9901949864098035
118,35.534706493596794,16.076529742941222,123.03740844192431,564.6083333333333,68.8,2.5,121.5,0.3,4.1,3.0,662.0665783999999,2.7745580474240907,0.1805132765829669,0.9700587038364682
119,43.42544966830635,15.42035176587987,121.68528093365586,297.255,70.7,2.3,122.3,2.2,2.2,2.2,1282.823293975,2.4931153379832307,0.12107211421171564,0.7038643335188962
120,40.68727080718872,16.672904479637687,126.78531362218553,260.31333333333333,71.3,2.5,118.7,1.3,1.8,1.0,650.32136105,2.8530599000729535,0.06822143915341959,0.6586771254230372
121,45.11687254734874,20.888942869094343,137.28894940943132,232.59833333333333,68.6,2.5,119.9,1.5,1.7,1.3,641.929594625,3.5023430676309073,0.08411342714598134,0.6226266047069374
122,29.096352256649613,16.01768317911874,127.3617117897388,718.8016666666666,69.7,2.4,121.0,2.6,1.7,1.4,646.966766675,2.8440966833542767,0.08263882060486867,1.0945331323344112
123,34.753755897233304,18.22047926379962,136.94072107147022,378.0833333333333,73.7,2.3,115.9,1.4,7.6,6.4,640.2472145749999,3.3348102389705683,0.40858182853839964,0.7938128802739907
124,32.74029599621096,16.000547569626885,128.69953761068632,447.5183333333333,68.9,2.5,121.3,-1.5,4.4,3.6,646.965840975,3.1584675190996663,0.21803196431870667,0.8636341174877755
125,30.729445083259794,16.364407631236478,133.7125020085256,713.4383333333334,73.7,2.3,119.6,3.0,0.8,0.9,640.25502925,2.9793322537900084,0.05111322908074961,1.0904420612251202
126,40.85553311264285,20.50394965497502,138.1033907485646,316.47333333333336,67.5,2.3,119.3,0.6,2.0,1.9,670.44970255,3.667403119685908,0.11704810241854116,0.7262613548548178
127,30.240839268221002,13.447028271218912,124.8704032970873,655.22,77.3,2.4,126.4,-3.0,3.5,4.2,1177.1236881999998,2.5005144035347753,0.21891732359960298,1.0450039872332226
